{
    "name": "",
    "modeler": "",
    "pack": "",
    "model": "immersiverailroading:models/rolling_stock/tank/tank_name/tank_name.obj",
    "darken_model": "-0.05",
    "model_gauge_m": 0,
    "properties": {
        "weight_kg": 0

    },
    "passenger": {
        "slots": 0,
        "center_x": 0,
        "center_y": 0,
        "length": 0,
        "width": 0
    },
    "tank": {
        "capacity_l": 0
    },
    "trucks": {
        "front": 0, 
        "rear": -0
    },
    "couplers": {
        "front_offset": -0,
        "rear_offset": -0
    }
}