{
	"name": "",
	"model": "immersiverailroading:models/rolling_stock/tender/tender_name/tender_name.obj",
	"darken_model": "-0.05",
	"model_gauge_m": 0,
	"properties": {
		"weight_kg": 0
	},
	"passenger": {
		"slots": 0,
		"center_x": 0,
		"center_y": 0,
		"length": 0,
		"width": 0,
		"should_sit": false
	},
	"tank": {
		"capacity_l":  0
	},
	"tender": {
		"slots": 0,
		"width": 0,
		"show_current_load": true

	},
	"trucks": {
		"front": 0,
		"rear": -0
	},
	"couplers": {
        "front_offset": -0,
        "rear_offset": -0
	}
}