{
	"era": "diesel",
	"name": "",
	"works": "",
	"modeler": "",
    "pack": "",
	"model": "immersiverailroading:models/rolling_stock/locomotives/locomotive_name/locomotive_name.obj",
	"tex_variants": {
			 "Name": "folder_name"
             
             
    },
    "model_gauge_m": 0,
	"darken_model": "-0.5",
	"properties": {
		"fuel_efficiency_%": 82,
		"fuel_capacity_l": 0,
		"horsepower": 0,
		"tractive_effort_lbf": 0,
		"max_speed_kmh": 0,
		"weight_kg": 0
	},
	"passenger": {
		"slots": 0,
		"center_x": 0,
		"center_y": 0,
		"length": 0,
		"width": 0,
		"should_sit": false
	},
	"trucks": {
		"front": 0, 
		"rear": -0
	},
	"couplers": {
        "front_offset": -0,
        "rear_offset": -0
	}
}