{
	"era": "steam",
	"name": "",
	"works": "",
	"modeler": "",
    "pack": "",
	"model": "immersiverailroading:models/rolling_stock/locomotives/locomotive_name/locomotive_name.obj",
	
	"darken_model": "-0.05",
	"model_gauge_m": 0,
	"properties": {
		"max_psi": 0,
		"water_capacity_l": 0, 
		"horsepower": 0,
		"tractive_effort_lbf": 0,
		"max_speed_kmh": 0,
		"valve_gear": "walschaerts/stephenson",
		"weight_kg": 0
	},
	"firebox": {
		"slots": 0,
		"width": 0
	},
	"passenger": {
		"slots": 0,
		"center_x": 0,
		"center_y": 0,
		"length": 0,
		"width": 0,
		"should_sit": false
	},
	"trucks": {
		"front": 0,
		"rear": -0
	},
	"couplers": {
        "front_offset": -0,
        "rear_offset": -0
	},
	"sounds_disabled": {
		"whistle": "sounds/steam/locomotive_name/whistle.ogg",
		"idle": "sounds/steam/locomotive_name/idle.ogg",
		"chuff": "sounds/steam/locomotive_name/chuff.ogg"
	}
}