{
    "name": "",
    "modeler": "",
    "pack": "",
    "model": "immersiverailroading:models/rolling_stock/passenger/passenger_name/passenger_name.obj",
    "tex_variants": {
             "Name": "folder_name"
    
    },
    "darken_model": "0",
    "model_gauge_m": 0,
    "properties": {
        "weight_kg": 0

    },
    "passenger": {
        "slots": 0,
        "center_x": 0,
        "center_y": 0,
        "length": 0,
        "width": 0

    },
    "freight": {
        "slots": 0,
        "width": 0,
        "cargo": ["Any"],
        "show_current_load": true

    },
	"trucks": {
		"front": 0, 
		"rear": -0
	
	},
    "couplers": {
        "front_offset": -0,
        "rear_offset": -0
    
    }
}